model,deepspeed,huggingface
gpt2,2.4294440746307373,6.151084899902344
gpt2-xl,10.89245057106018,24.14998435974121
bert-base,2.813838481903076,5.690545320510864
bert-large,5.043571949005127,11.178705215454102
